﻿<?xml version="1.0" encoding="utf-8"?><Employees><Match><Date>Monday 17th March 2014</Date><Time>15:45</Time><Home>St Vincents (4/6)</Home><Draw>Draw (15/2)</Draw><Away>Castlebar (7/4)</Away><BettingLink>/gaelic-games/gaelic-football/st-vincents-v-castlebar/winner</BettingLink></Match><Match><Date>Monday 17th March 2014</Date><Time>15:45</Time><Home>St Vincents (4/6)</Home><Draw>Draw (15/2)</Draw><Away>Castlebar (7/4)</Away><BettingLink>/gaelic-games/gaelic-football/st-vincents-v-castlebar/winner</BettingLink></Match><Match><Date>Monday 17th March 2014</Date><Time>15:45</Time><Home>St Vincents (4/6)</Home><Draw>Draw (15/2)</Draw><Away>Castlebar (7/4)</Away><BettingLink>/gaelic-games/gaelic-football/st-vincents-v-castlebar/winner</BettingLink></Match><Match><Date>Monday 17th March 2014</Date><Time>15:45</Time><Home>St Vincents (4/6)</Home><Draw>Draw (15/2)</Draw><Away>Castlebar (7/4)</Away><BettingLink>/gaelic-games/gaelic-football/st-vincents-v-castlebar/winner</BettingLink></Match><Match><Date>Monday 17th March 2014</Date><Time>15:45</Time><Home>St Vincents (4/6)</Home><Draw>Draw (15/2)</Draw><Away>Castlebar (7/4)</Away><BettingLink>/gaelic-games/gaelic-football/st-vincents-v-castlebar/winner</BettingLink></Match><Match><Date>Monday 17th March 2014</Date><Time>15:45</Time><Home>St Vincents (4/6)</Home><Draw>Draw (15/2)</Draw><Away>Castlebar (7/4)</Away><BettingLink>/gaelic-games/gaelic-football/st-vincents-v-castlebar/winner</BettingLink></Match><Match><Date>Monday 17th March 2014</Date><Time>15:45</Time><Home>St Vincents (4/6)</Home><Draw>Draw (15/2)</Draw><Away>Castlebar (7/4)</Away><BettingLink>/gaelic-games/gaelic-football/st-vincents-v-castlebar/winner</BettingLink></Match><Match><Date>Monday 17th March 2014</Date><Time>15:45</Time><Home>St Vincents (4/6)</Home><Draw>Draw (15/2)</Draw><Away>Castlebar (7/4)</Away><BettingLink>/gaelic-games/gaelic-football/st-vincents-v-castlebar/winner</BettingLink></Match><Match><Date>Monday 17th March 2014</Date><Time>15:45</Time><Home>St Vincents (4/6)</Home><Draw>Draw (15/2)</Draw><Away>Castlebar (7/4)</Away><BettingLink>/gaelic-games/gaelic-football/st-vincents-v-castlebar/winner</BettingLink></Match><Match><Date>Monday 17th March 2014</Date><Time>15:45</Time><Home>St Vincents (4/6)</Home><Draw>Draw (15/2)</Draw><Away>Castlebar (7/4)</Away><BettingLink>/gaelic-games/gaelic-football/st-vincents-v-castlebar/winner</BettingLink></Match><Match><Date>Monday 17th March 2014</Date><Time>15:45</Time><Home>St Vincents (4/6)</Home><Draw>Draw (15/2)</Draw><Away>Castlebar (7/4)</Away><BettingLink>/gaelic-games/gaelic-football/st-vincents-v-castlebar/winner</BettingLink></Match></Employees>